Tid;Temperatur
0;80.45293899019653
10;71.34743895145556
20;57.33041098356157
30;54.99525832320204
40;44.07559243124606
50;43.37818398474864
60;36.81347003696272
70;35.15945576484098
80;33.105894616945896
90;32.58878136599526
100;32.15604403284284
